ldap-error:https://www-dav.uv.uio.no/english/people/adm/fac/hr/monikvaa/index.html:Monica Kvåle::monikvaa
ldap-error:https://www-dav.uv.uio.no/ils/english/people/aca/elibsen/index.html:Elisabeth Braathu Ibsen::elibsen
ldap-error:https://www-dav.uv.uio.no/ils/english/people/aca/geirrw/index.html:Geirr Wiggen::geirrw
ldap-error:https://www-dav.uv.uio.no/ils/english/people/aca/hannesmo/index.html:Hanne Sæthren Mostafa::hannesmo
ldap-error:https://www-dav.uv.uio.no/ils/english/people/aca/thomafp/index.html:Thomas Fjeldvik Peterson::thomafp
ldap-error:https://www-dav.uv.uio.no/ils/english/people/aca/vivip/index.html:Vivi Pedersen::vivip
ldap-error:https://www-dav.uv.uio.no/ils/english/people/adm/kirstr/index.html:Kirsten Røsjorde::kirstr
ldap-error:https://www-dav.uv.uio.no/ils/english/people/adm/ylvaso/index.html:Ylva Sørlie::ylvaso
ldap-error:https://www-dav.uv.uio.no/ils/personer/adm/kirstr/index.html:Kirsten Røsjorde::kirstr
ldap-error:https://www-dav.uv.uio.no/ils/personer/adm/ylvaso/index.html:Ylva Sørlie::ylvaso
ldap-error:https://www-dav.uv.uio.no/ils/personer/vit/elibsen/index.html:Elisabeth Braathu Ibsen::elibsen
ldap-error:https://www-dav.uv.uio.no/ils/personer/vit/geirrw/index.html:Geirr Wiggen::geirrw
ldap-error:https://www-dav.uv.uio.no/ils/personer/vit/hannesmo/index.html:Hanne Sæthren Mostafa::hannesmo
ldap-error:https://www-dav.uv.uio.no/ils/personer/vit/thomafp/index.html:Thomas Fjeldvik Peterson::thomafp
ldap-error:https://www-dav.uv.uio.no/ils/personer/vit/vivip/index.html:Vivi Pedersen::vivip
ldap-error:https://www-dav.uv.uio.no/intermedia/english/people/aca/inesl/index.html:Ines Langemeyer::inesl
ldap-error:https://www-dav.uv.uio.no/intermedia/english/people/aca/nygaarda/index.html:Kathrine Nygaard::nygaarda
ldap-error:https://www-dav.uv.uio.no/intermedia/english/people/previous-staff/andrewm/index.html:Andrew Morrison::andrewm
ldap-error:https://www-dav.uv.uio.no/intermedia/personer/vit/inesl/index.html:Ines Langemeyer::inesl
ldap-error:https://www-dav.uv.uio.no/intermedia/personer/vit/nygaarda/index.html:Kathrine Amundsen Nygård::nygaarda
ldap-error:https://www-dav.uv.uio.no/isp/english/people/aca/evas/index.html:Eva Simonsen::evas
ldap-error:https://www-dav.uv.uio.no/isp/english/people/adm/marthol/index.html:Marte Holhjem::marthol
ldap-error:https://www-dav.uv.uio.no/isp/personer/adm/marthol/index.html:Marte Holhjem::marthol
ldap-error:https://www-dav.uv.uio.no/isp/personer/vit/evas/index.html:Eva Simonsen::evas
ldap-error:https://www-dav.uv.uio.no/personer/adm/fak/personalseksjonen/monikvaa/index.html:Monica Elisabeth Kvåle::monikvaa
ldap-error:https://www-dav.uv.uio.no/pfi/english/about/former-employees/eldale/index.html:Erling Lars Dale::eldale
ldap-error:https://www-dav.uv.uio.no/pfi/english/people/aca/helgardm/index.html:Helgard Mahrdt::helgardm
ldap-error:https://www-dav.uv.uio.no/pfi/english/people/aca/larsl/index.html:LarsLøvlie::larsl
ldap-error:https://www-dav.uv.uio.no/pfi/english/people/aca/suzannel/index.html:Suzanne Stiver Lie::suzannel
ldap-error:https://www-dav.uv.uio.no/pfi/om/tidligere-ansatte/eldale/index.html:Erling Lars Dale::eldale
ldap-error:https://www-dav.uv.uio.no/pfi/personer/vit/helgardm/index.html:Helgard Mahrdt::helgardm
ldap-error:https://www-dav.uv.uio.no/pfi/personer/vit/larsl/index.html:Løvlie, Lars::larsl
ldap-error:https://www-dav.uv.uio.no/pfi/personer/vit/suzannel/index.html:Suzanne Stiver Lie::suzannel
renaming:https://www-dav.uv.uio.no/english/people/adm/fac/archives/isabelps/index.html:Isabel Salinas:Isabel A. Pendavis Salinas
renaming:https://www-dav.uv.uio.no/english/people/adm/fac/communications/jarlevt/index.html:Jarle V. Traavik:Jarle V Traavik
renaming:https://www-dav.uv.uio.no/english/people/adm/fac/communications/shanecol/index.html:Shanecol:Shane David Colvin
renaming:https://www-dav.uv.uio.no/english/people/adm/fac/communications/tkthores/index.html:Tkthores:Terje Kristian Lian Thoresen
renaming:https://www-dav.uv.uio.no/english/people/adm/fac/it/jensmb/index.html:Jens Bertheussen:Jens Martin Bertheussen
renaming:https://www-dav.uv.uio.no/english/people/adm/fac/leadership/jarlevt/index.html:Jarle V. Traavik:Jarle V Traavik
renaming:https://www-dav.uv.uio.no/english/people/adm/fac/student-administration/shringo/index.html:Siv Hege Ringøen:Siv Hege Mjåtveit Ringøen
renaming:https://www-dav.uv.uio.no/english/people/adm/fac/student-administration/toneso/index.html:Tone Solbrekke:Tone Dyrdal Solbrekke
renaming:https://www-dav.uv.uio.no/ils/english/people/aca/mariavet/index.html:Maria Vetleseter Bøe:Gudrun Maria Vetleseter Bøe
renaming:https://www-dav.uv.uio.no/ils/english/people/aca/ulrikkri/index.html:Ulrikke Elisabeth Rindal:Ulrikke Rindal
renaming:https://www-dav.uv.uio.no/ils/english/people/adm/jonasjos/index.html:Jonasjos:Jonas Jøssund
renaming:https://www-dav.uv.uio.no/ils/english/people/adm/junehl/index.html:Junehl:June Helen Lind Dverstorp
renaming:https://www-dav.uv.uio.no/ils/english/people/adm/livfi/index.html:Liv Bjøntegård Finess:Liv Bjøntegaard Finess
renaming:https://www-dav.uv.uio.no/ils/english/people/adm/tanggah/index.html:Hilde Tanggaard Linderud:Hilde Tanggaard
renaming:https://www-dav.uv.uio.no/ils/personer/adm/bendikn/index.html:Bendicte Knutinge-Kaas:Benedicte Knutinge-Kaas
renaming:https://www-dav.uv.uio.no/intermedia/english/people/aca/andersm/index.html:Anders Mørch:Anders Irving Mørch
renaming:https://www-dav.uv.uio.no/intermedia/english/people/aca/ikrange/index.html:Ingeborg Krange:Ingeborg Hognestad Krange
renaming:https://www-dav.uv.uio.no/intermedia/english/people/aca/nilsoste/index.html:Nils Otto Steen:Nils Otto Steen-Utheim
renaming:https://www-dav.uv.uio.no/intermedia/english/people/aca/olesm/index.html:Ole Smørdal:Ole Christian Smørdal
renaming:https://www-dav.uv.uio.no/intermedia/english/people/aca/sveino/index.html:Sveino:Svein Østerud
renaming:https://www-dav.uv.uio.no/intermedia/english/people/adm/larslo/index.html:Lars lomell:Lars Lomell
renaming:https://www-dav.uv.uio.no/intermedia/english/people/adm/linste/index.html:Linste:Lin Stensrud
renaming:https://www-dav.uv.uio.no/intermedia/english/people/adm/perhet/index.html:Perhet:Per Hetland
renaming:https://www-dav.uv.uio.no/intermedia/english/people/adm/suresha/index.html:Suresh Anton Johnpillai:Suresh A. Johnpillai
renaming:https://www-dav.uv.uio.no/intermedia/english/people/adm/tkthores/index.html:Terje Thoresen:Terje Kristian Lian Thoresen
renaming:https://www-dav.uv.uio.no/intermedia/personer/adm/tkthores/index.html:Terje Thoresen:Terje Kristian Lian Thoresen
renaming:https://www-dav.uv.uio.no/intermedia/personer/vit/sveino/index.html:Sveino:Svein Østerud
renaming:https://www-dav.uv.uio.no/isp/english/people/aca/chulme/index.html:Charles Humes:Charles Hulme
renaming:https://www-dav.uv.uio.no/isp/english/people/aca/heidilm/index.html:Heidi Mjelve:Liv Heidi Mjelve
renaming:https://www-dav.uv.uio.no/isp/english/people/aca/kristrth/index.html:Kristin Rogde Thorbjørnsen:Kristin Rogde
renaming:https://www-dav.uv.uio.no/isp/english/people/aca/monima/index.html:Monica Melbye-Lervåg:Monica Melby-Lervåg
renaming:https://www-dav.uv.uio.no/isp/english/people/aca/siljesy/index.html:Siljesy:Silje Systad
renaming:https://www-dav.uv.uio.no/isp/english/people/aca/soll/index.html:Solveig Lyster:Solveig-Alma Halaas Lyster
renaming:https://www-dav.uv.uio.no/isp/english/people/adm/carolieh/index.html:Caroline Hals:Caroline Elise Hals
renaming:https://www-dav.uv.uio.no/isp/english/people/adm/komdal/index.html:Komdal:Kathrine Høegh-Omdal
renaming:https://www-dav.uv.uio.no/personer/adm/fak/personalseksjonen/stvamh1/index.html:Stvamh1:Anita Marie Hansen
renaming:https://www-dav.uv.uio.no/personer/adm/fak/personalseksjonen/toneels/index.html:Toneels:Tone Elstad
renaming:https://www-dav.uv.uio.no/personer/adm/fak/studieadministrasjonen/ariels/index.html:Ariels:Ariel Sevendal
renaming:https://www-dav.uv.uio.no/personer/adm/fak/studieadministrasjonen/shringo/index.html:Siv Hege M. Ringøen:Siv Hege Mjåtveit Ringøen
renaming:https://www-dav.uv.uio.no/pfi/english/people/aca/anderjh/index.html:Anders Johan Nordahl Hansen:Anders J Nordahl Hansen
renaming:https://www-dav.uv.uio.no/pfi/english/people/aca/chrisnm/index.html:Christina Elde  Mølstad:Christina Elde Mølstad
renaming:https://www-dav.uv.uio.no/pfi/english/people/aca/finnhj/index.html:Finn Hjardemaal:Finn R. Hjardemaal
renaming:https://www-dav.uv.uio.no/pfi/english/people/aca/janebaka/index.html:Jane Barongo Bakawehmama:Jane Barongo Bakahwemama
renaming:https://www-dav.uv.uio.no/pfi/english/people/aca/lynneac/index.html:Lynne Chisholm:Lynne A. Chisholm
renaming:https://www-dav.uv.uio.no/pfi/english/people/aca/monicaru/index.html:Monica Ylva Helene  Rudberg:Monica Ylva Helene Rudberg
renaming:https://www-dav.uv.uio.no/pfi/english/people/aca/rmtpinhe/index.html:Romulo Pinheiro:Romulo Teixeira Pinheiro
renaming:https://www-dav.uv.uio.no/pfi/english/people/adm/heddasf/index.html:Hedda Synnøve Finstad:Hedda Synøve B. Finstad
renaming:https://www-dav.uv.uio.no/pfi/english/people/adm/steinosa/index.html:Steinar Sælebakke:Steinar O. Sælebakke
renaming:https://www-dav.uv.uio.no/pfi/personer/vit/anderjh/index.html:Anders Johan Nordahl Hansen:Anders J Nordahl Hansen
renaming:https://www-dav.uv.uio.no/pfi/personer/vit/fengshul/index.html:Liu Fengshu:Fengshu Liu
renaming:https://www-dav.uv.uio.no/pfi/personer/vit/janebaka/index.html:Jane Barongo Bakawehmama:Jane Barongo Bakahwemama
renaming:https://www-dav.uv.uio.no/pfi/personer/vit/ninie/index.html:Ninie:Nini Ebeltoft
unpublished-error:https://www-dav.uv.uio.no/english/people/adm/fac/student-administration/sirihog/index.html
unpublished-error:https://www-dav.uv.uio.no/ils/english/people/aca/kariaro/index.html
unpublished-error:https://www-dav.uv.uio.no/ils/english/people/adm/oysteje/index.html
unpublished-error:https://www-dav.uv.uio.no/ils/personer/adm/maikel/index.html
unpublished-error:https://www-dav.uv.uio.no/ils/personer/vit/chrbrand/index.html
unpublished-error:https://www-dav.uv.uio.no/ils/personer/vit/dijanati/index.html
unpublished-error:https://www-dav.uv.uio.no/ils/personer/vit/helmeras/index.html
unpublished-error:https://www-dav.uv.uio.no/ils/personer/vit/kariaro/index.html
unpublished-error:https://www-dav.uv.uio.no/ils/personer/vit/lkramber/index.html
unpublished-error:https://www-dav.uv.uio.no/isp/english/people/aca/suanbucley/index.html
unpublished-error:https://www-dav.uv.uio.no/isp/english/people/aca/vigdisre/index.html
unpublished-error:https://www-dav.uv.uio.no/isp/english/people/adm/karianmy/index.html
unpublished-error:https://www-dav.uv.uio.no/isp/personer/adm/karianmy/index.html
unpublished-error:https://www-dav.uv.uio.no/isp/personer/vit/kristrth/index.html
unpublished-error:https://www-dav.uv.uio.no/isp/personer/vit/melaniek/index.html
unpublished-error:https://www-dav.uv.uio.no/isp/personer/vit/onabw/index.html
unpublished-error:https://www-dav.uv.uio.no/isp/personer/vit/susanbuckley/index.html
unpublished-error:https://www-dav.uv.uio.no/personer/adm/fak/personalseksjonen/anderm/index.html
unpublished-error:https://www-dav.uv.uio.no/personer/adm/fak/studieadministrasjonen/elitro/index.html
unpublished-error:https://www-dav.uv.uio.no/personer/adm/fak/studieadministrasjonen/sirihog/index.html
unpublished-error:https://www-dav.uv.uio.no/pfi/english/people/aca/chrbrand/index.html
unpublished-error:https://www-dav.uv.uio.no/pfi/english/people/aca/torist/index.html
unpublished-error:https://www-dav.uv.uio.no/pfi/english/people/aca/turidl/index.html
unpublished-error:https://www-dav.uv.uio.no/pfi/english/people/adm/theresmu/index.html
unpublished-error:https://www-dav.uv.uio.no/pfi/personer/adm/theresmu/index.html
unpublished-error:https://www-dav.uv.uio.no/pfi/personer/vit/chrbrand/index.html
unpublished-error:https://www-dav.uv.uio.no/pfi/personer/vit/torist/index.html
unpublished-error:https://www-dav.uv.uio.no/pfi/personer/vit/turidl/index.html
