ldap-error:https://www-dav.sv.uio.no/arena/english/people/guest-researchers/stefabr/index.html:Stefano Braghiroli::stefabr
ldap-error:https://www-dav.sv.uio.no/arena/personer/gjesteforskere/stefabr/index.html:Stefano Braghiroli::stefabr
ldap-error:https://www-dav.sv.uio.no/econ/english/people/aca/bstigum/index.html:Bstigum::bstigum
ldap-error:https://www-dav.sv.uio.no/econ/english/people/aca/gryto/index.html:Gryto::gryto
ldap-error:https://www-dav.sv.uio.no/econ/english/people/aca/knutsy/index.html:Knutsy::knutsy
ldap-error:https://www-dav.sv.uio.no/econ/english/people/aca/toreth/index.html:Toreth::toreth
ldap-error:https://www-dav.sv.uio.no/econ/english/people/admin/hal/index.html:Ricky Halvorsen::hal
ldap-error:https://www-dav.sv.uio.no/econ/english/people/admin/tinave/index.html:Tina Engelsrud::tinave
ldap-error:https://www-dav.sv.uio.no/econ/personer/adm/hal/index.html:Ricky Halvorsen::hal
ldap-error:https://www-dav.sv.uio.no/econ/personer/adm/tinave/index.html:Tina Engelsrud::tinave
ldap-error:https://www-dav.sv.uio.no/econ/personer/vit/bstigum/index.html:Bstigum::bstigum
ldap-error:https://www-dav.sv.uio.no/econ/personer/vit/gryto/index.html:Gryto::gryto
ldap-error:https://www-dav.sv.uio.no/econ/personer/vit/knutsy/index.html:Knut Sydsæter::knutsy
ldap-error:https://www-dav.sv.uio.no/econ/personer/vit/toreth/index.html:Toreth::toreth
ldap-error:https://www-dav.sv.uio.no/english/people/admin/annkfj/index.html:Annkfj::annkfj
ldap-error:https://www-dav.sv.uio.no/english/people/admin/danutasd/index.html:Danutasd::danutasd
ldap-error:https://www-dav.sv.uio.no/english/people/admin/elinlbo/index.html:Elin Lerum Boasson::elinlbo
ldap-error:https://www-dav.sv.uio.no/english/people/admin/fac/archive/irmelij/index.html:Irmelij::irmelij
ldap-error:https://www-dav.sv.uio.no/english/people/admin/fac/finance/ferideeb/index.html:Feride Emel Bærø::ferideeb
ldap-error:https://www-dav.sv.uio.no/english/people/admin/fac/personnel/georgjk/index.html:Georg Johan Kjelsberg::georgjk
ldap-error:https://www-dav.sv.uio.no/english/people/admin/fac/studies/llalsvi/index.html:Lina Louise Tiller Alsvik::llalsvi
ldap-error:https://www-dav.sv.uio.no/english/people/admin/fac/studies/trondtv/index.html:Trond Tveit::trondtv
ldap-error:https://www-dav.sv.uio.no/english/people/admin/hegemfa/index.html:Hegemfa::hegemfa
ldap-error:https://www-dav.sv.uio.no/english/people/admin/idasen/index.html:Idasen::idasen
ldap-error:https://www-dav.sv.uio.no/english/people/admin/idatobr/index.html:Idatobr::idatobr
ldap-error:https://www-dav.sv.uio.no/english/people/admin/jonsne/index.html:Jonsne::jonsne
ldap-error:https://www-dav.sv.uio.no/english/people/admin/julitar/index.html:Julitar::julitar
ldap-error:https://www-dav.sv.uio.no/english/people/admin/katarzb/index.html:Katarzb::katarzb
ldap-error:https://www-dav.sv.uio.no/english/people/admin/lenehhol/index.html:Lenehhol::lenehhol
ldap-error:https://www-dav.sv.uio.no/english/people/admin/marjann/index.html:Marjann::marjann
ldap-error:https://www-dav.sv.uio.no/english/people/admin/olepdahl/index.html:Olepdahl::olepdahl
ldap-error:https://www-dav.sv.uio.no/english/people/admin/peraol/index.html:Per Arthur Olsen::peraol
ldap-error:https://www-dav.sv.uio.no/english/people/admin/ruben/index.html:Ruben::ruben
ldap-error:https://www-dav.sv.uio.no/gammelt/konvertert-sv-0913a/iss/gammelt_LESEBEGRENSET/arkiv/instituttet/ansatte/eng/bdb/index.html:Bdb::bdb
ldap-error:https://www-dav.sv.uio.no/gammelt/konvertert-sv-0913a/iss/gammelt_LESEBEGRENSET/arkiv/instituttet/ansatte/eng/geirlh/index.html:Geirlh::geirlh
ldap-error:https://www-dav.sv.uio.no/gammelt/konvertert-sv-0913a/iss/gammelt_LESEBEGRENSET/arkiv/instituttet/ansatte/nor/bdb/index.html:Bdb::bdb
ldap-error:https://www-dav.sv.uio.no/gammelt/konvertert-sv-0913a/iss/gammelt_LESEBEGRENSET/arkiv/instituttet/ansatte/nor/geirlh/index.html:Geirlh::geirlh
ldap-error:https://www-dav.sv.uio.no/gammelt/konvertert-sv-0913a/statsvitenskap/ansatte/presentasjon/vit/no/nor/stvirb1/index.html:Stvirb1::stvirb1
ldap-error:https://www-dav.sv.uio.no/gammelt/konvertert-sv-0913b-htmluendret/iss/gammelt_LESEBEGRENSET/arkiv/instituttet/ansatte/eng/bdb/index.html:Bdb::bdb
ldap-error:https://www-dav.sv.uio.no/gammelt/konvertert-sv-0913b-htmluendret/iss/gammelt_LESEBEGRENSET/arkiv/instituttet/ansatte/eng/geirlh/index.html:Geirlh::geirlh
ldap-error:https://www-dav.sv.uio.no/gammelt/konvertert-sv-0913b-htmluendret/iss/gammelt_LESEBEGRENSET/arkiv/instituttet/ansatte/nor/bdb/index.html:Bdb::bdb
ldap-error:https://www-dav.sv.uio.no/gammelt/konvertert-sv-0913b-htmluendret/iss/gammelt_LESEBEGRENSET/arkiv/instituttet/ansatte/nor/geirlh/index.html:Geirlh::geirlh
ldap-error:https://www-dav.sv.uio.no/gammelt/konvertert-sv-0913b-htmluendret/oekonomi/gammelt_LESEBEGRENSET/ansatte/Div./nor/%20espenrhe_gml/index.html:espenrhe_gml::espenrhe
ldap-error:https://www-dav.sv.uio.no/gammelt/konvertert-sv-0913b-htmluendret/oekonomi/gammelt_LESEBEGRENSET/ansatte/Div./nor/aanundh_hoy/index.html:Aanundh_hoy::aanundh_hoy
ldap-error:https://www-dav.sv.uio.no/gammelt/konvertert-sv-0913b-htmluendret/oekonomi/gammelt_LESEBEGRENSET/ansatte/Div./nor/aanundh_lav/index.html:Aanundh_lav::aanundh_lav
ldap-error:https://www-dav.sv.uio.no/gammelt/konvertert-sv-0913b-htmluendret/statsvitenskap/ansatte/presentasjon/vit/no/nor/stvirb1/index.html:Stvirb1::stvirb1
ldap-error:https://www-dav.sv.uio.no/iss/arkiv/english/people/aca/heidinic/index.html:Heidi Nicolaisen::heidinic
ldap-error:https://www-dav.sv.uio.no/iss/arkiv/personer/vit/heidinic/index.html:Heidi Nicolaisen::heidinic
ldap-error:https://www-dav.sv.uio.no/iss/english/people/aca/ketilsk/index.html:Ketil Skogen::ketilsk
ldap-error:https://www-dav.sv.uio.no/iss/english/people/aca/runeani/index.html:Rune Åkvik Nilsen::runeani
ldap-error:https://www-dav.sv.uio.no/iss/english/people/aca/stigerij/index.html:Stig Erik Jakobsen::stigerij
ldap-error:https://www-dav.sv.uio.no/iss/english/people/admin/andreags/index.html:Andreas Sørensen::andreags
ldap-error:https://www-dav.sv.uio.no/iss/english/people/admin/oystek/index.html:Øystein Kristiansen::oystek
ldap-error:https://www-dav.sv.uio.no/iss/personer/adm/andreags/index.html:Andreags::andreags
ldap-error:https://www-dav.sv.uio.no/iss/personer/adm/oystek/index.html:Øystein Kristiansen::oystek
ldap-error:https://www-dav.sv.uio.no/iss/personer/vit/ketilsk/index.html:Ketil Skogen::ketilsk
ldap-error:https://www-dav.sv.uio.no/iss/personer/vit/runeani/index.html:Rune Åkvik Nilsen::runeani
ldap-error:https://www-dav.sv.uio.no/iss/personer/vit/stigerij/index.html:Stig Erik Jakobsen::stigerij
ldap-error:https://www-dav.sv.uio.no/isv/english/people/aca/amundli/index.html:Amund Lie::amundli
ldap-error:https://www-dav.sv.uio.no/isv/english/people/aca/gudruno/index.html:Gudrun Østby::gudruno
ldap-error:https://www-dav.sv.uio.no/isv/english/people/adm/person-bilde/index.html:Person-bilde::person-bilde
ldap-error:https://www-dav.sv.uio.no/isv/personer/vit/amundli/index.html:Amund Lie::amundli
ldap-error:https://www-dav.sv.uio.no/personer/adm/fak/arkiv/irmelij/index.html:Irmelij::irmelij
ldap-error:https://www-dav.sv.uio.no/personer/adm/fak/personal/georgjk/index.html:Georg Johan Kjelsberg::georgjk
ldap-error:https://www-dav.sv.uio.no/personer/adm/fak/studier/trondtv/index.html:Trond Tveit::trondtv
ldap-error:https://www-dav.sv.uio.no/psi/english/people/aca/anemarts/index.html:Ane-Marthe Solheim Skar::anemarts
ldap-error:https://www-dav.sv.uio.no/psi/english/people/aca/anneham/index.html:Helene Amundsen Nissen-Lie::anneham
ldap-error:https://www-dav.sv.uio.no/psi/english/people/aca/annejans/index.html:Anne Jansen::annejans
ldap-error:https://www-dav.sv.uio.no/psi/english/people/aca/avdl/index.html:Avdl::avdl
ldap-error:https://www-dav.sv.uio.no/psi/english/people/aca/bjorgh/index.html:Bjørg Røed Hansen::bjorgh
ldap-error:https://www-dav.sv.uio.no/psi/english/people/aca/bjornki/index.html:Bjornki::bjornki
ldap-error:https://www-dav.sv.uio.no/psi/english/people/aca/charlfh/index.html:Charlotte F Hansen::charlfh
ldap-error:https://www-dav.sv.uio.no/psi/english/people/aca/evaax/index.html:Eva Axelsen::evaax
ldap-error:https://www-dav.sv.uio.no/psi/english/people/aca/hanneodd/index.html:Hanne Oddli::hanneodd
ldap-error:https://www-dav.sv.uio.no/psi/english/people/aca/johannli/index.html:Johanna Lind::johannli
ldap-error:https://www-dav.sv.uio.no/psi/english/people/aca/jsmedslun/index.html:Ukjent::jsmedslun
ldap-error:https://www-dav.sv.uio.no/psi/english/people/aca/karivi/index.html:Karivi::karivi
ldap-error:https://www-dav.sv.uio.no/psi/english/people/aca/krisshe/index.html:Krisshe::Krisshe
ldap-error:https://www-dav.sv.uio.no/psi/english/people/aca/linnfi/index.html:Linn Toril Fikke::linnfi
ldap-error:https://www-dav.sv.uio.no/psi/english/people/aca/persc/index.html:Persc::persc
ldap-error:https://www-dav.sv.uio.no/psi/english/people/aca/petrafi/index.html:Petra Filkukova::petrafi
ldap-error:https://www-dav.sv.uio.no/psi/english/people/aca/pialy/index.html:Pialy::pialy
ldap-error:https://www-dav.sv.uio.no/psi/english/people/aca/rogersan/index.html:Roger Sandvik Hansen::rogersan
ldap-error:https://www-dav.sv.uio.no/psi/english/people/aca/schalaz/index.html:Schalaz::schalaz
ldap-error:https://www-dav.sv.uio.no/psi/english/people/aca/siljemar/index.html:Silje Marie Haga::siljemar
ldap-error:https://www-dav.sv.uio.no/psi/english/people/aca/sisselre/index.html:Ukjent::sisselre
ldap-error:https://www-dav.sv.uio.no/psi/english/people/aca/thomaesp/index.html:Thomas Espeseth::thomaesp
ldap-error:https://www-dav.sv.uio.no/psi/english/people/aca/torillsi/index.html:Torill Siqveland::torillsi
ldap-error:https://www-dav.sv.uio.no/psi/english/people/aca/wenkeg/index.html:Wenke Gulbrandsen::wenkeg
ldap-error:https://www-dav.sv.uio.no/psi/english/people/admin/halvst/index.html:Halvor Steinsholt::halvst
ldap-error:https://www-dav.sv.uio.no/psi/english/people/admin/magnue/index.html:Magnus William Eriksen::magnue
ldap-error:https://www-dav.sv.uio.no/psi/english/people/admin/noshinr/index.html:Noshin Riaz::noshinr
ldap-error:https://www-dav.sv.uio.no/psi/english/people/admin/tahseenr/index.html:Tahseen Riaz::tahseenr
ldap-error:https://www-dav.sv.uio.no/psi/personer/adm/magnue/index.html:Magnus William Eriksen::magnue
ldap-error:https://www-dav.sv.uio.no/psi/personer/adm/tahseenr/index.html:Tahseen Riaz::tahseenr
ldap-error:https://www-dav.sv.uio.no/psi/personer/vit/anemarts/index.html:Ane-Marthe Solheim Skar::anemarts
ldap-error:https://www-dav.sv.uio.no/psi/personer/vit/anneham/index.html:Helene Amundsen Nissen-Lie::anneham
ldap-error:https://www-dav.sv.uio.no/psi/personer/vit/annejans/index.html:Anne Jansen::annejans
ldap-error:https://www-dav.sv.uio.no/psi/personer/vit/avdl/index.html:Anna von der Lippe::avdl
ldap-error:https://www-dav.sv.uio.no/psi/personer/vit/bjorgh/index.html:Bjørg Røed Hansen::bjorgh
ldap-error:https://www-dav.sv.uio.no/psi/personer/vit/bjornki/index.html:Bjørn Killingmo::bjornki
ldap-error:https://www-dav.sv.uio.no/psi/personer/vit/charlfh/index.html:Charlotte F Hansen::charlfh
ldap-error:https://www-dav.sv.uio.no/psi/personer/vit/evaax/index.html:Eva Axelsen::evaax
ldap-error:https://www-dav.sv.uio.no/psi/personer/vit/hanneodd/index.html:Hanne Oddli::hanneodd
ldap-error:https://www-dav.sv.uio.no/psi/personer/vit/ingebrec/index.html:Ukjent::ingebrec
ldap-error:https://www-dav.sv.uio.no/psi/personer/vit/johannli/index.html:Johanna Lind::johannli
ldap-error:https://www-dav.sv.uio.no/psi/personer/vit/jsmedslu/index.html:Jan Smedslund::jsmedslun
ldap-error:https://www-dav.sv.uio.no/psi/personer/vit/karivi/index.html:Ukjent::karivi
ldap-error:https://www-dav.sv.uio.no/psi/personer/vit/krisshe/index.html:Kristin Sverdvik Heiervang::krisshe
ldap-error:https://www-dav.sv.uio.no/psi/personer/vit/linnfi/index.html:Linn Toril Fikke::linnfi
ldap-error:https://www-dav.sv.uio.no/psi/personer/vit/persc/index.html:Ukjent::persc
ldap-error:https://www-dav.sv.uio.no/psi/personer/vit/petrafi/index.html:Petra Filkukova::petrafi
ldap-error:https://www-dav.sv.uio.no/psi/personer/vit/pialy/index.html:Ukjent::pialy
ldap-error:https://www-dav.sv.uio.no/psi/personer/vit/rogersan/index.html:Roger Sandvik Hansen::rogersan
ldap-error:https://www-dav.sv.uio.no/psi/personer/vit/schalaz/index.html:Schale Azak::schalaz
ldap-error:https://www-dav.sv.uio.no/psi/personer/vit/siljemar/index.html:Silje Marie Haga::siljemar
ldap-error:https://www-dav.sv.uio.no/psi/personer/vit/sisselre/index.html:Sissel Reichelt::sisselre
ldap-error:https://www-dav.sv.uio.no/psi/personer/vit/thomaesp/index.html:Thomas Espeseth::thomaesp
ldap-error:https://www-dav.sv.uio.no/psi/personer/vit/torillsi/index.html:Torill Siqveland::torillsi
ldap-error:https://www-dav.sv.uio.no/psi/personer/vit/wenkeg/index.html:Wenke Gulbrandsen::wenkeg
ldap-error:https://www-dav.sv.uio.no/sai/arkiv/personer/atalle/index.html:Aud Talle::atalle
ldap-error:https://www-dav.sv.uio.no/sai/arkiv/personer/english/atalle/index.html:Aud Talle::atalle
ldap-error:https://www-dav.sv.uio.no/sai/arkiv/personer/lorenzk/index.html:Lorenz Khazaleh::lorenzk
ldap-error:https://www-dav.sv.uio.no/sai/english/people/aca/rmussie/index.html:Rahwa Mussie::rmussie
ldap-error:https://www-dav.sv.uio.no/sai/english/people/aca/sharama/index.html:Sharam Alghasi::sharama
ldap-error:https://www-dav.sv.uio.no/sai/english/people/aca/taoy/index.html:Tao Yin::taoy
ldap-error:https://www-dav.sv.uio.no/sai/personer/vit/rmussie/index.html:Rahwa Mussie::rmussie
ldap-error:https://www-dav.sv.uio.no/sai/personer/vit/sharama/index.html:Sharam Alghasi::sharama
ldap-error:https://www-dav.sv.uio.no/sai/personer/vit/taoy/index.html:Tao Yin::taoy
ldap-error:https://www-dav.sv.uio.no/tik/english/people/aca/govindap/index.html:Govindan Parayil::govindap
ldap-error:https://www-dav.sv.uio.no/tik/personer/vit/govindap/index.html:Govindan Parayil::govindap
renaming:https://www-dav.sv.uio.no/arena/english/people/admin/shholmoy/index.html:Solveig Mork Holmøyvik:Solveig Holmøyvik
renaming:https://www-dav.sv.uio.no/arena/personer/adm/shholmoy/index.html:Solveig Mork Holmøyvik:Solveig Holmøyvik
renaming:https://www-dav.sv.uio.no/econ/english/people/aca/alicec/index.html:Alice Ciccone:Alice Ciccone
renaming:https://www-dav.sv.uio.no/econ/english/people/aca/edwinl/index.html:Edwin Leuven:Edwin Leuven
renaming:https://www-dav.sv.uio.no/econ/english/people/aca/karenmi/index.html:Karen Helene Ulltveit-Moe:Karen Helene  Ulltveit-Moe
renaming:https://www-dav.sv.uio.no/econ/english/people/aca/kristomi/index.html:Kristoffer Midttømme:Kristoffer Midttømme
renaming:https://www-dav.sv.uio.no/econ/english/people/aca/toneo/index.html:Toneo:Tone Ognedal
renaming:https://www-dav.sv.uio.no/econ/english/people/admin/katbli/index.html:Katbli:Katrine Blindheimsvik
renaming:https://www-dav.sv.uio.no/econ/personer/vit/alicec/index.html:Alice Ciccone:Alice Ciccone
renaming:https://www-dav.sv.uio.no/econ/personer/vit/andegk/index.html:Andegk:Anders Grøn Kjelsrud
renaming:https://www-dav.sv.uio.no/econ/personer/vit/andrkot/index.html:Andreas Kotsadam:Andreas Kotsadam
renaming:https://www-dav.sv.uio.no/econ/personer/vit/edwinl/index.html:Edwin Leuven:Edwin Leuven
renaming:https://www-dav.sv.uio.no/econ/personer/vit/katinkah/index.html:Katinka Kristine Holtsmark:Katinka Kristine Holtsmark
renaming:https://www-dav.sv.uio.no/econ/personer/vit/kristomi/index.html:Kristoffer Midttømme:Kristoffer Midttømme
renaming:https://www-dav.sv.uio.no/english/people/admin/fac/studies/hedvigmb/index.html:Hedvig Maria Bergem:Hedvig  Bergem
renaming:https://www-dav.sv.uio.no/gammelt/konvertert-sv-0913b-htmluendret/oekonomi/gammelt_LESEBEGRENSET/ansatte/Div./nor/evaklov/index.html:Evaklov:Sara Cools
renaming:https://www-dav.sv.uio.no/iss/arkiv/english/people/aca/haakonla/index.html:Haakon Larsen:Håkon Larsen
renaming:https://www-dav.sv.uio.no/iss/english/people/aca/haldorb/index.html:Haldorb:Haldor Byrkjeflot
renaming:https://www-dav.sv.uio.no/iss/english/people/aca/jornel/index.html:Jørn Ljunggren:Jørn Ljunggren
renaming:https://www-dav.sv.uio.no/iss/english/people/aca/nanz/index.html:Nan Zou Bakkeli:Nan Zou Bakkeli
renaming:https://www-dav.sv.uio.no/iss/english/people/aca/toreraf/index.html:Toreraf:Tore Rafoss
renaming:https://www-dav.sv.uio.no/iss/personer/adm/lixianch/index.html:Lixianch:Lixian Cheng
renaming:https://www-dav.sv.uio.no/iss/personer/vit/haldorb/index.html:Haldorb:Haldor Byrkjeflot
renaming:https://www-dav.sv.uio.no/iss/personer/vit/jornel/index.html:Jornel:Jørn Ljunggren
renaming:https://www-dav.sv.uio.no/iss/personer/vit/nanz/index.html:Nanz:Nan Zou Bakkeli
renaming:https://www-dav.sv.uio.no/iss/personer/vit/toreraf/index.html:Toreraf:Tore Rafoss
renaming:https://www-dav.sv.uio.no/isv/english/people/aca/josteira/index.html:Jostein Askim:Jostein Rosfjord Askim
renaming:https://www-dav.sv.uio.no/isv/english/people/aca/mathiaj/index.html:Mathiaj:Mathias Johannessen
renaming:https://www-dav.sv.uio.no/isv/english/people/aca/ssherman/index.html:Silje S.Lyder Hermansen:Silje Synnøve Lyder Hermansen
renaming:https://www-dav.sv.uio.no/isv/english/people/aca/torahe/index.html:Torahe:Tora Skodvin
renaming:https://www-dav.sv.uio.no/isv/personer/adm/kentigr/index.html:Kent Grødem:Kent Inge Grødem
renaming:https://www-dav.sv.uio.no/isv/personer/adm/krien/index.html:Kristina Enge:Kristina Enge
renaming:https://www-dav.sv.uio.no/isv/personer/adm/stvhoy11/index.html:Øyvind Sørbye:Hans Øyvind Sørbye
renaming:https://www-dav.sv.uio.no/isv/personer/vit/asletoje/index.html:Asle Toje:Asle Toje
renaming:https://www-dav.sv.uio.no/isv/personer/vit/bjornkho/index.html:Bjornkho:Bjørn Høyland
renaming:https://www-dav.sv.uio.no/isv/personer/vit/josteira/index.html:Jostein Askim:Jostein Rosfjord Askim
renaming:https://www-dav.sv.uio.no/isv/personer/vit/mathiaj/index.html:Mathiaj:Mathias Johannessen
renaming:https://www-dav.sv.uio.no/isv/personer/vit/ssherman/index.html:Silje S.Lyder Hermansen:Silje Synnøve Lyder Hermansen
renaming:https://www-dav.sv.uio.no/konv/nettlogger/index.html:Nettlogger:Bjørn Erik Rasch
renaming:https://www-dav.sv.uio.no/personer/adm/fak/forskning/ramg/index.html:Ramg:Ram Eivind Gupta
renaming:https://www-dav.sv.uio.no/personer/adm/fak/okonomi/terjhegg/index.html:Dagfinn Killingbergtrø:Terje Hegge
renaming:https://www-dav.sv.uio.no/personer/adm/fak/personal/berittro/index.html:Berittro:Berit Trondsen
renaming:https://www-dav.sv.uio.no/personer/adm/fak/studier/hedvigmb/index.html:Hedvig Maria Bergem:Hedvig Bergem
renaming:https://www-dav.sv.uio.no/personer/vit/andersi/index.html:Andersi:Anders Bjørndahl Iversen
renaming:https://www-dav.sv.uio.no/psi/english/people/aca/dagaln/index.html:Dagaln:Dag Alnæs
renaming:https://www-dav.sv.uio.no/psi/english/people/aca/eliseto/index.html:Eliseto:Elise Tornare
renaming:https://www-dav.sv.uio.no/psi/english/people/aca/erikc/index.html:Erikc:Erik Carlquist
renaming:https://www-dav.sv.uio.no/psi/english/people/aca/guidopb/index.html:Guido Philipp Biele:Guido Biele
renaming:https://www-dav.sv.uio.no/psi/english/people/aca/henningb/index.html:Henningb:Henning Bang
renaming:https://www-dav.sv.uio.no/psi/english/people/aca/martiake/index.html:Martiake:Martin Aker
renaming:https://www-dav.sv.uio.no/psi/english/people/admin/bethinj/index.html:Bethina Jensen:Bethina Strandberg-Jensen
renaming:https://www-dav.sv.uio.no/psi/english/people/admin/didarak/index.html:Didarak:Didar Akrei
renaming:https://www-dav.sv.uio.no/psi/english/people/admin/sveinhm/index.html:Svein Harald Milde:Svein Harald Milde
renaming:https://www-dav.sv.uio.no/psi/personer/adm/bethinj/index.html:Bethina Jensen:Bethina Strandberg-Jensen
renaming:https://www-dav.sv.uio.no/psi/personer/adm/didarak/index.html:Didarak:Didar Akrei
renaming:https://www-dav.sv.uio.no/psi/personer/adm/sigridfs/index.html:Sigridfs:Sigrid Fremmerlid Wold
renaming:https://www-dav.sv.uio.no/psi/personer/adm/sveinhm/index.html:Sveinhm:Svein Harald Milde
renaming:https://www-dav.sv.uio.no/psi/personer/adm/unnimbi/index.html:Unnimbi:Unni Mjelde Birkeland
renaming:https://www-dav.sv.uio.no/psi/personer/vit/andreen/index.html:Andreas Engvig:Andreas Engvig
renaming:https://www-dav.sv.uio.no/psi/personer/vit/dagaln/index.html:Dagaln:Dag Alnæs
renaming:https://www-dav.sv.uio.no/psi/personer/vit/erikc/index.html:Erikc:Erik Carlquist
renaming:https://www-dav.sv.uio.no/psi/personer/vit/henninb/index.html:Henninb:Henning Bang
renaming:https://www-dav.sv.uio.no/psi/personer/vit/martiake/index.html:Martiake:Martin Aker
renaming:https://www-dav.sv.uio.no/sai/english/people/aca/annehg/index.html:Annehg:Anne Hege Grung
renaming:https://www-dav.sv.uio.no/sai/english/people/aca/annekatn/index.html:Annekatn:Anne Katrine Brun Norbye
renaming:https://www-dav.sv.uio.no/sai/english/people/aca/cecilgsa/index.html:Cecilia Guadalupe Salinas:Cecilia Guadalupe Salinas
renaming:https://www-dav.sv.uio.no/sai/english/people/aca/csorhaug/index.html:Csorhaug:Christian Sørhaug
renaming:https://www-dav.sv.uio.no/sai/english/people/aca/ingjerdh/index.html:Ingjerd Hoem:Ingjerd Hoëm
renaming:https://www-dav.sv.uio.no/sai/english/people/aca/thorgeik/index.html:Thorgeir Storesund Kolshus:Thorgeir Storesund Kolshus
renaming:https://www-dav.sv.uio.no/sai/english/people/admin/geiryg/index.html:Geiryg:Geir Yggeseth
renaming:https://www-dav.sv.uio.no/sai/english/people/admin/nataliz/index.html:Nataliz:Natalia Zubillaga
renaming:https://www-dav.sv.uio.no/sai/personer/adm/astrid/index.html:Astrid:Astrid Marie Limandvik
renaming:https://www-dav.sv.uio.no/sai/personer/adm/nataliz/index.html:Nataliz:Natalia Zubillaga
renaming:https://www-dav.sv.uio.no/sai/personer/vit/annehg/index.html:Annehg:Anne Hege Grung
renaming:https://www-dav.sv.uio.no/sai/personer/vit/annekatn/index.html:Annekatn:Anne Katrine Brun Norbye
renaming:https://www-dav.sv.uio.no/sai/personer/vit/cecilgsa/index.html:Cecilia Guadalupe Salinas:Cecilia Guadalupe Salinas
renaming:https://www-dav.sv.uio.no/sai/personer/vit/ebanfins/index.html:Ebanfins:Eirik Bischoff Riis Anfinsen
renaming:https://www-dav.sv.uio.no/sai/personer/vit/ingjerdh/index.html:Ingjerd Hoem:Ingjerd Hoëm
renaming:https://www-dav.sv.uio.no/sai/personer/vit/ninahasl/index.html:Ninahasl:Nina Alnes Haslie
renaming:https://www-dav.sv.uio.no/sai/personer/vit/thorgeik/index.html:Thorgeir Storesund Kolshus:Thorgeir Storesund Kolshus
renaming:https://www-dav.sv.uio.no/tik/english/people/aca/stefanij/index.html:Stefanij:Stefanie Jenssen
renaming:https://www-dav.sv.uio.no/tik/personer/adm/moeno/index.html:Moeno:Øystein Moen
renaming:https://www-dav.sv.uio.no/tik/personer/vit/stefanij/index.html:Stefanij:Stefanie Jenssen
unable-to-rename-error:https://www-dav.sv.uio.no/gammelt/konvertert-sv-0827a/culcom/vrtx/vortex-webdocuments/hf/person/v002/nor/person/index.html:Person:
unable-to-rename-error:https://www-dav.sv.uio.no/gammelt/konvertert-sv-0827a/culcom/vrtx/vortex-webdocuments/uio/person/v004/nor/person-with-all-elements/index.html:Person-with-all-elements:
unable-to-rename-error:https://www-dav.sv.uio.no/gammelt/konvertert-sv-0827a/culcom/vrtx/vortex-webdocuments/uio/person/v004/nor/person/index.html:Person:
unable-to-rename-error:https://www-dav.sv.uio.no/gammelt/konvertert-sv-0827a/demokrati/vrtx/vortex-webdocuments/hf/person/v002/nor/person/index.html:Person:
unable-to-rename-error:https://www-dav.sv.uio.no/gammelt/konvertert-sv-0827a/demokrati/vrtx/vortex-webdocuments/uio/person/v004/nor/person-with-all-elements/index.html:Person-with-all-elements:
unable-to-rename-error:https://www-dav.sv.uio.no/gammelt/konvertert-sv-0827a/demokrati/vrtx/vortex-webdocuments/uio/person/v004/nor/person/index.html:Person:
unable-to-rename-error:https://www-dav.sv.uio.no/gammelt/konvertert-sv-0827a/eumargins/vrtx/vortex-webdocuments/hf/person/v002/nor/person/index.html:Person:
unable-to-rename-error:https://www-dav.sv.uio.no/gammelt/konvertert-sv-0827a/eumargins/vrtx/vortex-webdocuments/uio/person/v004/nor/person-with-all-elements/index.html:Person-with-all-elements:
unable-to-rename-error:https://www-dav.sv.uio.no/gammelt/konvertert-sv-0827a/eumargins/vrtx/vortex-webdocuments/uio/person/v004/nor/person/index.html:Person:
unable-to-rename-error:https://www-dav.sv.uio.no/gammelt/konvertert-sv-0827b-htmluendret/culcom/vrtx/vortex-webdocuments/hf/person/v002/nor/person/index.html:Person:
unable-to-rename-error:https://www-dav.sv.uio.no/gammelt/konvertert-sv-0827b-htmluendret/culcom/vrtx/vortex-webdocuments/uio/person/v004/nor/person-with-all-elements/index.html:Person-with-all-elements:
unable-to-rename-error:https://www-dav.sv.uio.no/gammelt/konvertert-sv-0827b-htmluendret/culcom/vrtx/vortex-webdocuments/uio/person/v004/nor/person/index.html:Person:
unable-to-rename-error:https://www-dav.sv.uio.no/gammelt/konvertert-sv-0827b-htmluendret/demokrati/vrtx/vortex-webdocuments/hf/person/v002/nor/person/index.html:Person:
unable-to-rename-error:https://www-dav.sv.uio.no/gammelt/konvertert-sv-0827b-htmluendret/demokrati/vrtx/vortex-webdocuments/uio/person/v004/nor/person-with-all-elements/index.html:Person-with-all-elements:
unable-to-rename-error:https://www-dav.sv.uio.no/gammelt/konvertert-sv-0827b-htmluendret/demokrati/vrtx/vortex-webdocuments/uio/person/v004/nor/person/index.html:Person:
unable-to-rename-error:https://www-dav.sv.uio.no/gammelt/konvertert-sv-0827b-htmluendret/eumargins/vrtx/vortex-webdocuments/hf/person/v002/nor/person/index.html:Person:
unable-to-rename-error:https://www-dav.sv.uio.no/gammelt/konvertert-sv-0827b-htmluendret/eumargins/vrtx/vortex-webdocuments/uio/person/v004/nor/person-with-all-elements/index.html:Person-with-all-elements:
unable-to-rename-error:https://www-dav.sv.uio.no/gammelt/konvertert-sv-0827b-htmluendret/eumargins/vrtx/vortex-webdocuments/uio/person/v004/nor/person/index.html:Person:
unable-to-rename-error:https://www-dav.sv.uio.no/gammelt/konvertert-sv-0913a/arena/vrtx/vortex-webdocuments/hf/person/v002/nor/person/index.html:Person:
unable-to-rename-error:https://www-dav.sv.uio.no/gammelt/konvertert-sv-0913a/arena/vrtx/vortex-webdocuments/uio/person/v004/nor/person-with-all-elements/index.html:Person-with-all-elements:
unable-to-rename-error:https://www-dav.sv.uio.no/gammelt/konvertert-sv-0913a/arena/vrtx/vortex-webdocuments/uio/person/v004/nor/person/index.html:Person:
unable-to-rename-error:https://www-dav.sv.uio.no/gammelt/konvertert-sv-0913a/iss/gammelt_LESEBEGRENSET/arkiv/prosjektforum/vrtx/vortex-webdocuments/hf/person/v002/nor/person/index.html:Person:
unable-to-rename-error:https://www-dav.sv.uio.no/gammelt/konvertert-sv-0913a/iss/gammelt_LESEBEGRENSET/arkiv/prosjektforum/vrtx/vortex-webdocuments/uio/person/v004/nor/person-with-all-elements/index.html:Person-with-all-elements:
unable-to-rename-error:https://www-dav.sv.uio.no/gammelt/konvertert-sv-0913a/iss/gammelt_LESEBEGRENSET/arkiv/prosjektforum/vrtx/vortex-webdocuments/uio/person/v004/nor/person/index.html:Person:
unable-to-rename-error:https://www-dav.sv.uio.no/gammelt/konvertert-sv-0913a/iss/gammelt_LESEBEGRENSET/forskning/eumargins/vrtx/vortex-webdocuments/hf/person/v002/nor/person/index.html:Person:
unable-to-rename-error:https://www-dav.sv.uio.no/gammelt/konvertert-sv-0913a/iss/gammelt_LESEBEGRENSET/forskning/eumargins/vrtx/vortex-webdocuments/uio/person/v004/nor/person-with-all-elements/index.html:Person-with-all-elements:
unable-to-rename-error:https://www-dav.sv.uio.no/gammelt/konvertert-sv-0913a/iss/gammelt_LESEBEGRENSET/forskning/eumargins/vrtx/vortex-webdocuments/uio/person/v004/nor/person/index.html:Person:
unable-to-rename-error:https://www-dav.sv.uio.no/gammelt/konvertert-sv-0913b-htmluendret/arena/vrtx/vortex-webdocuments/hf/person/v002/nor/person/index.html:Person:
unable-to-rename-error:https://www-dav.sv.uio.no/gammelt/konvertert-sv-0913b-htmluendret/arena/vrtx/vortex-webdocuments/uio/person/v004/nor/person-with-all-elements/index.html:Person-with-all-elements:
unable-to-rename-error:https://www-dav.sv.uio.no/gammelt/konvertert-sv-0913b-htmluendret/arena/vrtx/vortex-webdocuments/uio/person/v004/nor/person/index.html:Person:
unable-to-rename-error:https://www-dav.sv.uio.no/gammelt/konvertert-sv-0913b-htmluendret/iss/gammelt_LESEBEGRENSET/arkiv/prosjektforum/vrtx/vortex-webdocuments/hf/person/v002/nor/person/index.html:Person:
unable-to-rename-error:https://www-dav.sv.uio.no/gammelt/konvertert-sv-0913b-htmluendret/iss/gammelt_LESEBEGRENSET/arkiv/prosjektforum/vrtx/vortex-webdocuments/uio/person/v004/nor/person-with-all-elements/index.html:Person-with-all-elements:
unable-to-rename-error:https://www-dav.sv.uio.no/gammelt/konvertert-sv-0913b-htmluendret/iss/gammelt_LESEBEGRENSET/arkiv/prosjektforum/vrtx/vortex-webdocuments/uio/person/v004/nor/person/index.html:Person:
unable-to-rename-error:https://www-dav.sv.uio.no/gammelt/konvertert-sv-0913b-htmluendret/iss/gammelt_LESEBEGRENSET/forskning/eumargins/vrtx/vortex-webdocuments/hf/person/v002/nor/person/index.html:Person:
unable-to-rename-error:https://www-dav.sv.uio.no/gammelt/konvertert-sv-0913b-htmluendret/iss/gammelt_LESEBEGRENSET/forskning/eumargins/vrtx/vortex-webdocuments/uio/person/v004/nor/person-with-all-elements/index.html:Person-with-all-elements:
unable-to-rename-error:https://www-dav.sv.uio.no/gammelt/konvertert-sv-0913b-htmluendret/iss/gammelt_LESEBEGRENSET/forskning/eumargins/vrtx/vortex-webdocuments/uio/person/v004/nor/person/index.html:Person:
unpublished-error:https://www-dav.sv.uio.no/arena/english/people/aca/annesti/index.html
unpublished-error:https://www-dav.sv.uio.no/arena/english/people/aca/crudu/index.html
unpublished-error:https://www-dav.sv.uio.no/arena/english/people/aca/irenaf/index.html
unpublished-error:https://www-dav.sv.uio.no/arena/english/people/aca/magdalgo/index.html
unpublished-error:https://www-dav.sv.uio.no/arena/english/people/aca/pieterd/index.html
unpublished-error:https://www-dav.sv.uio.no/arena/english/people/aca/rafalr/index.html
unpublished-error:https://www-dav.sv.uio.no/arena/english/people/aca/runegjel/index.html
unpublished-error:https://www-dav.sv.uio.no/arena/english/people/aca/test/index.html
unpublished-error:https://www-dav.sv.uio.no/arena/english/people/admin/geiryg/index.html
unpublished-error:https://www-dav.sv.uio.no/arena/english/people/admin/gross/index.html
unpublished-error:https://www-dav.sv.uio.no/arena/english/people/stud-ass/chriosa/index.html
unpublished-error:https://www-dav.sv.uio.no/arena/english/people/stud-ass/elmad/index.html
unpublished-error:https://www-dav.sv.uio.no/arena/english/people/stud-ass/haakoi/index.html
unpublished-error:https://www-dav.sv.uio.no/arena/english/people/stud-ass/kathinlr/index.html
unpublished-error:https://www-dav.sv.uio.no/arena/english/people/stud-ass/mathiaj/index.html
unpublished-error:https://www-dav.sv.uio.no/arena/personer/adm/geiradm/index.html
unpublished-error:https://www-dav.sv.uio.no/arena/personer/adm/geiryg/index.html
unpublished-error:https://www-dav.sv.uio.no/arena/personer/adm/gross/index.html
unpublished-error:https://www-dav.sv.uio.no/arena/personer/adm/stvhoy11/index.html
unpublished-error:https://www-dav.sv.uio.no/arena/personer/gjesteforskere/annesti/index.html
unpublished-error:https://www-dav.sv.uio.no/arena/personer/gjesteforskere/kjartakm/index.html
unpublished-error:https://www-dav.sv.uio.no/arena/personer/gjesteforskere/larscbl/index.html
unpublished-error:https://www-dav.sv.uio.no/arena/personer/gjesteforskere/rafalr/index.html
unpublished-error:https://www-dav.sv.uio.no/arena/personer/gjesteforskere/toringih/index.html
unpublished-error:https://www-dav.sv.uio.no/arena/personer/stud-ass/assistenter/chriosa/index.html
unpublished-error:https://www-dav.sv.uio.no/arena/personer/stud-ass/assistenter/elmad/index.html
unpublished-error:https://www-dav.sv.uio.no/arena/personer/stud-ass/assistenter/haakoi/index.html
unpublished-error:https://www-dav.sv.uio.no/arena/personer/stud-ass/assistenter/ingriri/index.html
unpublished-error:https://www-dav.sv.uio.no/arena/personer/stud-ass/assistenter/kathinlr/index.html
unpublished-error:https://www-dav.sv.uio.no/arena/personer/stud-ass/assistenter/madsskog/index.html
unpublished-error:https://www-dav.sv.uio.no/arena/personer/stud-ass/assistenter/mathiaj/index.html
unpublished-error:https://www-dav.sv.uio.no/arena/personer/stud-ass/madsskog/index.html
unpublished-error:https://www-dav.sv.uio.no/arena/personer/vit/Emanuel%20Crudu/index.html
unpublished-error:https://www-dav.sv.uio.no/arena/personer/vit/magdalgo/index.html
unpublished-error:https://www-dav.sv.uio.no/arena/personer/vit/pieterd/index.html
unpublished-error:https://www-dav.sv.uio.no/arena/personer/vit/rafalr/index.html
unpublished-error:https://www-dav.sv.uio.no/arena/personer/vit/runegjel/index.html
unpublished-error:https://www-dav.sv.uio.no/arena/personer/vit/stvjpo/index.html
unpublished-error:https://www-dav.sv.uio.no/econ/english/people/aca/adrienv/index.html
unpublished-error:https://www-dav.sv.uio.no/econ/english/people/aca/alfonso/index.html
unpublished-error:https://www-dav.sv.uio.no/econ/english/people/aca/andegk/index.html
unpublished-error:https://www-dav.sv.uio.no/econ/english/people/aca/andrkot/index.html
unpublished-error:https://www-dav.sv.uio.no/econ/english/people/aca/berheb/index.html
unpublished-error:https://www-dav.sv.uio.no/econ/english/people/aca/eaboler/index.html
unpublished-error:https://www-dav.sv.uio.no/econ/english/people/aca/jennymcl/index.html
unpublished-error:https://www-dav.sv.uio.no/econ/english/people/aca/jorgem/index.html
unpublished-error:https://www-dav.sv.uio.no/econ/english/people/aca/katinkah/index.html
unpublished-error:https://www-dav.sv.uio.no/econ/english/people/aca/kundu/index.html
unpublished-error:https://www-dav.sv.uio.no/econ/english/people/aca/steinast/index.html
unpublished-error:https://www-dav.sv.uio.no/econ/english/people/aca/victosp/index.html
unpublished-error:https://www-dav.sv.uio.no/econ/english/people/admin/erihan/index.html
unpublished-error:https://www-dav.sv.uio.no/econ/gammelt/moved/personer/MOVED/birkeli/index.html
unpublished-error:https://www-dav.sv.uio.no/econ/gammelt/moved/personer/MOVED/jonhfi/index.html
unpublished-error:https://www-dav.sv.uio.no/econ/gammelt/moved/personer/MOVED/pmunthe/index.html
unpublished-error:https://www-dav.sv.uio.no/econ/gammelt/moved/personer/birkeli/index.html
unpublished-error:https://www-dav.sv.uio.no/econ/gammelt/moved/personer/jonhfi/index.html
unpublished-error:https://www-dav.sv.uio.no/econ/gammelt/moved/personer/pmunthe/index.html
unpublished-error:https://www-dav.sv.uio.no/econ/personer/adm/erihan/index.html
unpublished-error:https://www-dav.sv.uio.no/econ/personer/adm/person-bilde/index.html
unpublished-error:https://www-dav.sv.uio.no/econ/personer/vit/adrienv/index.html
unpublished-error:https://www-dav.sv.uio.no/econ/personer/vit/alfonso/index.html
unpublished-error:https://www-dav.sv.uio.no/econ/personer/vit/berheb/index.html
unpublished-error:https://www-dav.sv.uio.no/econ/personer/vit/jennymcl/index.html
unpublished-error:https://www-dav.sv.uio.no/econ/personer/vit/jorgem/index.html
unpublished-error:https://www-dav.sv.uio.no/econ/personer/vit/keika/index.html
unpublished-error:https://www-dav.sv.uio.no/econ/personer/vit/kundu/index.html
unpublished-error:https://www-dav.sv.uio.no/econ/personer/vit/victosp/index.html
unpublished-error:https://www-dav.sv.uio.no/english/people/admin/fac/archive/audjs/index.html
unpublished-error:https://www-dav.sv.uio.no/iss/english/people/aca/annemels/index.html
unpublished-error:https://www-dav.sv.uio.no/iss/english/people/admin/karhen/index.html
unpublished-error:https://www-dav.sv.uio.no/iss/personer/adm/gunha/index.html
unpublished-error:https://www-dav.sv.uio.no/isv/english/people/aca/bjornkho/index.html
unpublished-error:https://www-dav.sv.uio.no/isv/personer/adm/dagfinha/index.html
unpublished-error:https://www-dav.sv.uio.no/isv/personer/vit/ellenste/index.html
unpublished-error:https://www-dav.sv.uio.no/isv/personer/vit/gudruno/index.html
unpublished-error:https://www-dav.sv.uio.no/isv/personer/vit/gydas/index.html
unpublished-error:https://www-dav.sv.uio.no/isv/personer/vit/krihella/index.html
unpublished-error:https://www-dav.sv.uio.no/personer/adm/fak/arkiv/audjs/index.html
unpublished-error:https://www-dav.sv.uio.no/personer/adm/fak/personal/georgjk_old/index.html
unpublished-error:https://www-dav.sv.uio.no/personer/adm/fak/personal/stvamh1/index.html
unpublished-error:https://www-dav.sv.uio.no/personer/adm/fak/studier/kentigr/index.html
unpublished-error:https://www-dav.sv.uio.no/personer/adm/fak/studier/llalsvi/index.html
unpublished-error:https://www-dav.sv.uio.no/personer/vit/test/index.html
unpublished-error:https://www-dav.sv.uio.no/psi/english/people/aca/ghnordby/index.html
unpublished-error:https://www-dav.sv.uio.no/psi/english/people/aca/kmviana/index.html
unpublished-error:https://www-dav.sv.uio.no/psi/english/people/aca/mal/index.html
unpublished-error:https://www-dav.sv.uio.no/psi/english/people/aca/olgach/index.html
unpublished-error:https://www-dav.sv.uio.no/psi/english/people/aca/pederkjo/index.html
unpublished-error:https://www-dav.sv.uio.no/psi/english/people/aca/sveinmos/index.html
unpublished-error:https://www-dav.sv.uio.no/psi/english/people/aca/torgeimo/index.html
unpublished-error:https://www-dav.sv.uio.no/psi/english/people/aca/tuvaok/index.html
unpublished-error:https://www-dav.sv.uio.no/psi/english/people/admin/hhoksnes/index.html
unpublished-error:https://www-dav.sv.uio.no/psi/english/people/admin/juliekj/index.html
unpublished-error:https://www-dav.sv.uio.no/psi/english/people/admin/kristiom/index.html
unpublished-error:https://www-dav.sv.uio.no/psi/english/people/admin/nismam/index.html
unpublished-error:https://www-dav.sv.uio.no/psi/english/people/admin/sigridfs/index.html
unpublished-error:https://www-dav.sv.uio.no/psi/english/people/admin/sindreri/index.html
unpublished-error:https://www-dav.sv.uio.no/psi/english/people/admin/trondsv/index.html
unpublished-error:https://www-dav.sv.uio.no/psi/english/people/admin/username/index.html
unpublished-error:https://www-dav.sv.uio.no/psi/english/people/admin/victobr/index.html
unpublished-error:https://www-dav.sv.uio.no/psi/personer/adm/halvst/index.html
unpublished-error:https://www-dav.sv.uio.no/psi/personer/adm/juliekj/index.html
unpublished-error:https://www-dav.sv.uio.no/psi/personer/adm/kristiom/index.html
unpublished-error:https://www-dav.sv.uio.no/psi/personer/adm/sindreri/index.html
unpublished-error:https://www-dav.sv.uio.no/psi/personer/adm/toneels/index.html
unpublished-error:https://www-dav.sv.uio.no/psi/personer/adm/trondsv/index.html
unpublished-error:https://www-dav.sv.uio.no/psi/personer/adm/victobr/index.html
unpublished-error:https://www-dav.sv.uio.no/psi/personer/vit/ghnordby/index.html
unpublished-error:https://www-dav.sv.uio.no/psi/personer/vit/kmviana/index.html
unpublished-error:https://www-dav.sv.uio.no/psi/personer/vit/mal/index.html
unpublished-error:https://www-dav.sv.uio.no/psi/personer/vit/olgach/index.html
unpublished-error:https://www-dav.sv.uio.no/psi/personer/vit/pederkjo/index.html
unpublished-error:https://www-dav.sv.uio.no/psi/personer/vit/torgeimo/index.html
unpublished-error:https://www-dav.sv.uio.no/psi/personer/vit/tuvaok/index.html
unpublished-error:https://www-dav.sv.uio.no/sai/arkiv/personer/english/erihan/index.html
unpublished-error:https://www-dav.sv.uio.no/sai/arkiv/personer/english/lorenzk/index.html
unpublished-error:https://www-dav.sv.uio.no/sai/english/people/aca/ebanfins/index.html
unpublished-error:https://www-dav.sv.uio.no/sai/english/people/admin/alfcj/index.html
unpublished-error:https://www-dav.sv.uio.no/sai/personer/adm/birgittb/index.html
unpublished-error:https://www-dav.sv.uio.no/sai/personer/adm/gross/index.html
unpublished-error:https://www-dav.sv.uio.no/sai/personer/adm/kirsteng/index-gml.html
unpublished-error:https://www-dav.sv.uio.no/sai/personer/vit/csorhaug/index.html
unpublished-error:https://www-dav.sv.uio.no/tik/english/people/aca/keithhs/index.html
unpublished-error:https://www-dav.sv.uio.no/tik/english/people/adm/grazynn/index.html
unpublished-error:https://www-dav.sv.uio.no/tik/personer/vit/keithhs/index.html
unpublished-error:https://www-dav.sv.uio.no/tik/personer/vit/stefaner/index.html
